em/em001/00/mod/em001_00_BML.tex,em001_00_BML,rathian,final/em/em001/00/mod/em001_00_BML.tex
em/em001/00/mod/em001_00_eye_BML.tex,em001_00_eye_BML,rathian,final/em/em001/00/mod/em001_00_eye_BML.tex
em/em001/00/mod/em001_00_damage_BM.tex,em001_00_damage_BM,rathian,final/em/em001/00/mod/em001_00_damage_BM.tex
em/em001/01/mod/em001_01_BML.tex,em001_01_BML,pink rathian,final/em/em001/01/mod/em001_01_BML.tex
em/em001/01/mod/em001_01_eye_BML.tex,em001_01_eye_BML,pink rathian,final/em/em001/01/mod/em001_01_eye_BML.tex
em/em001/01/mod/em001_01_damage_BM.tex,em001_01_damage_BM,pink rathian,final/em/em001/01/mod/em001_01_damage_BM.tex
em/em001/02/mod/em001_02_BML.tex,em001_02_BML,gold rathian,final/em/em001/02/mod/em001_02_BML.tex
em/em001/02/mod/em001_02_eye_BML.tex,em001_02_eye_BML,gold rathian,final/em/em001/02/mod/em001_02_eye_BML.tex
em/em001/02/mod/em001_02_damage_BM.tex,em001_02_damage_BM,gold rathian,final/em/em001/02/mod/em001_02_damage_BM.tex
em/em044/00/mod/em044_00_BML.tex,em044_00_BML,barroth,final/em/em044/00/mod/em044_00_BML.tex
em/em044/00/mod/em044_00_eye_BML.tex,em044_00_eye_BML,barroth,final/em/em044/00/mod/em044_00_eye_BML.tex
em/em044/00/mod/em044_00_damage_BM.tex,em044_00_damage_BM,barroth,final/em/em044/00/mod/em044_00_damage_BM.tex
em/em044/00/mod/em044_00_mud_BML.tex,em044_00_mud_BML,barroth,final/em/em044/00/mod/em044_00_mud_BML.tex
em/em002/00/mod/em002_00_BML.tex,em002_00_BML,rathalos,final/em/em002/00/mod/em002_00_BML.tex
em/em002/00/mod/em002_00_eye_BML.tex,em002_00_eye_BML,rathalos,final/em/em002/00/mod/em002_00_eye_BML.tex
em/em002/00/mod/em002_00_damage_BM.tex,em002_00_damage_BM,rathalos,final/em/em002/00/mod/em002_00_damage_BM.tex
em/em002/01/mod/em002_01_BML.tex,em002_01_BML,azure rathalos,final/em/em002/01/mod/em002_01_BML.tex
em/em002/01/mod/em002_01_eye_BML.tex,em002_01_eye_BML,azure rathalos,final/em/em002/01/mod/em002_01_eye_BML.tex
em/em002/01/mod/em002_01_damage_BM.tex,em002_01_damage_BM,azure rathalos,final/em/em002/01/mod/em002_01_damage_BM.tex
em/em002/02/mod/em002_02_BML.tex,em002_02_BML,silver rathalos,final/em/em002/02/mod/em002_02_BML.tex
em/em002/02/mod/em002_02_eye_BML.tex,em002_02_eye_BML,silver rathalos,final/em/em002/02/mod/em002_02_eye_BML.tex
em/em002/02/mod/em002_02_damage_BM.tex,em002_02_damage_BM,silver rathalos,final/em/em002/02/mod/em002_02_damage_BM.tex
em/em007/00/mod/em007_00_BM.tex,em007_00_BM,diablos,final/em/em007/00/mod/em007_00_BM.tex
em/em007/00/mod/em007_00_eye_BML.tex,em007_00_eye_BML,diablos,final/em/em007/00/mod/em007_00_eye_BML.tex
em/em007/00/mod/em007_00_damage_BM.tex,em007_00_damage_BM,diablos,final/em/em007/00/mod/em007_00_damage_BM.tex
em/em007/01/mod/em007_01_BM.tex,em007_01_BM,black diablos,final/em/em007/01/mod/em007_01_BM.tex
em/em007/01/mod/em007_01_eye_BML.tex,em007_01_eye_BML,black diablos,final/em/em007/01/mod/em007_01_eye_BML.tex
em/em007/01/mod/em007_01_damage_BM.tex,em007_01_damage_BM,black diablos,final/em/em007/01/mod/em007_01_damage_BM.tex
em/em011/00/mod/em011_00_BM.tex,em011_00_BM,kirin,final/em/em011/00/mod/em011_00_BM.tex
em/em011/00/mod/em011_00_damage_BM.tex,em011_00_damage_BM,kirin,final/em/em011/00/mod/em011_00_damage_BM.tex
em/em011/00/mod/em011_00_heir_BM.tex,em011_00_heir_BM,kirin,final/em/em011/00/mod/em011_00_heir_BM.tex
em/em013/00/mod/em013_00_eye_BML.tex,em013_00_eye_BML,fatalis,final/em/em013/00/mod/em013_00_eye_BML.tex
em/em013/00/mod/em013_00_metal_BML.tex,em013_00_metal_BML,fatalis,final/em/em013/00/mod/em013_00_metal_BML.tex
em/em013/00/mod/em013_00_BML.tex|em/em013/00/mod/em013_00_wing_BML.tex,em013_00_BML|em013_00_wing_BML,fatalis,final/em/em013/00/mod/em013_00_BML.tex|final/em/em013/00/mod/em013_00_wing_BML.tex
em/em013/00/mod/em013_00_damage_BML.tex,em013_00_damage_BML,fatalis,final/em/em013/00/mod/em013_00_damage_BML.tex
em/em018/00/mod/em018_00_BML.tex,em018_00_BML,yian garuga,final/em/em018/00/mod/em018_00_BML.tex
em/em018/00/mod/em018_00_eye_BML.tex,em018_00_eye_BML,yian garuga,final/em/em018/00/mod/em018_00_eye_BML.tex
em/em018/00/mod/em018_00_damage_BML.tex,em018_00_damage_BML,yian garuga,final/em/em018/00/mod/em018_00_damage_BML.tex
em/em018/00/mod/em018_00_fur_BML.tex|em/em018/00/mod/em018_00_furover_BML.tex,em018_00_fur_BML|em018_00_furover_BML,yian garuga,final/em/em018/00/mod/em018_00_fur_BML.tex|final/em/em018/00/mod/em018_00_furover_BML.tex
em/em023/00/mod/em023_00_BML.tex,em023_00_BML,rajang,final/em/em023/00/mod/em023_00_BML.tex
em/em023/00/mod/em023_00_eye_BML.tex,em023_00_eye_BML,rajang,final/em/em023/00/mod/em023_00_eye_BML.tex
em/em023/00/mod/em023_00_damage_BML.tex,em023_00_damage_BML,rajang,final/em/em023/00/mod/em023_00_damage_BML.tex
em/em023/00/mod/em023_00_hair_BML.tex|em/em023/00/mod/em023_00_hairblend_BML.tex,em023_00_hair_BML|em023_00_hairblend_BML,rajang,final/em/em023/00/mod/em023_00_hair_BML.tex|final/em/em023/00/mod/em023_00_hairblend_BML.tex
em/em023/05/mod/em023_05_BML.tex,em023_05_BML,furious rajang,final/em/em023/05/mod/em023_05_BML.tex
em/em023/05/mod/em023_05_eye_BML.tex,em023_05_eye_BML,furious rajang,final/em/em023/05/mod/em023_05_eye_BML.tex
em/em023/05/mod/em023_05_damage_BML.tex,em023_05_damage_BML,furious rajang,final/em/em023/05/mod/em023_05_damage_BML.tex
em/em023/05/mod/em023_05_hair_BML.tex|em/em023/05/mod/em023_05_hairblend_BML.tex,em023_05_hair_BML|em023_05_hairblend_BML,furious rajang,final/em/em023/05/mod/em023_05_hair_BML.tex|final/em/em023/05/mod/em023_05_hairblend_BML.tex
em/em023/05/mod/em023_05_ikari_BM.tex,em023_05_ikari_BM,furious rajang,final/em/em023/05/mod/em023_05_ikari_BM.tex
em/em024/00/mod/em024_00_BML.tex,em024_00_BML,kushala daora,final/em/em024/00/mod/em024_00_BML.tex
em/em024/00/mod/em024_00_env_BM.tex,em024_00_env_BM,kushala daora,final/em/em024/00/mod/em024_00_env_BM.tex
em/em024/00/mod/em024_00_eye_BML.tex,em024_00_eye_BML,kushala daora,final/em/em024/00/mod/em024_00_eye_BML.tex
em/em024/00/mod/em024_00_damage_BM.tex,em024_00_damage_BM,kushala daora,final/em/em024/00/mod/em024_00_damage_BM.tex
em/em026/00/mod/em026_00_BML.tex,em026_00_BML,lunastra,final/em/em026/00/mod/em026_00_BML.tex
em/em026/00/mod/em026_00_eye_BML.tex,em026_00_eye_BML,lunastra,final/em/em026/00/mod/em026_00_eye_BML.tex
em/em026/00/mod/em026_00_damage_BM.tex,em026_00_damage_BM,lunastra,final/em/em026/00/mod/em026_00_damage_BM.tex
em/em026/00/mod/em026_00_hair_BM.tex|em/em026/00/mod/em026_00_hairblend_BML.tex,em026_00_hair_BM|em026_00_hairblend_BML,lunastra,final/em/em026/00/mod/em026_00_hair_BM.tex|final/em/em026/00/mod/em026_00_hairblend_BML.tex
em/em027/00/mod/em027_00_BML.tex,em027_00_BML,teostra,final/em/em027/00/mod/em027_00_BML.tex
em/em027/00/mod/em027_00_hair_BM.tex|em/em027/00/mod/em027_00_hairblend_BML.tex,em027_00_hair_BM|em027_00_hairblend_BML,teostra,final/em/em027/00/mod/em027_00_hair_BM.tex|final/em/em027/00/mod/em027_00_hairblend_BML.tex
em/em027/00/mod/em027_00_env_BM.tex,em027_00_env_BM,teostra,final/em/em027/00/mod/em027_00_env_BM.tex
em/em027/00/mod/em027_00_eye_BML.tex,em027_00_eye_BML,teostra,final/em/em027/00/mod/em027_00_eye_BML.tex
em/em032/00/mod/em032_00_BM.tex,em032_00_BM,tigrex,final/em/em032/00/mod/em032_00_BM.tex
em/em032/00/mod/em032_00_damage_BM.tex,em032_00_damage_BM,tigrex,final/em/em032/00/mod/em032_00_damage_BM.tex
em/em032/00/mod/em032_00_eye_BM.tex,em032_00_eye_BM,tigrex,final/em/em032/00/mod/em032_00_eye_BM.tex
em/em032/01/mod/em032_01_BM.tex,em032_01_BM,brute tigrex,final/em/em032/01/mod/em032_01_BM.tex
em/em032/01/mod/em032_01_damage_BM.tex,em032_01_damage_BM,brute tigrex,final/em/em032/01/mod/em032_01_damage_BM.tex
em/em032/01/mod/em032_01_eye_BM.tex,em032_01_eye_BM,brute tigrex,final/em/em032/01/mod/em032_01_eye_BM.tex
em/em036/00/mod/em036_00_BML.tex,em036_00_BML,lavasioth,final/em/em036/00/mod/em036_00_BML.tex
em/em036/00/mod/em036_00_d_BML.tex,em036_00_d_BML,lavasioth,final/em/em036/00/mod/em036_00_d_BML.tex
em/em036/00/mod/em036_00_magma_BML.tex,em036_00_magma_BML,lavasioth,final/em/em036/00/mod/em036_00_magma_BML.tex
em/em037/00/mod/em037_00_BML.tex,em037_00_BML,nargacuga,final/em/em037/00/mod/em037_00_BML.tex
em/em037/00/mod/em037_00_damage_BM.tex,em037_00_damage_BM,nargacuga,final/em/em037/00/mod/em037_00_damage_BM.tex
em/em037/00/mod/em037_00_eye_BML.tex,em037_00_eye_BML,nargacuga,final/em/em037/00/mod/em037_00_eye_BML.tex
em/em037/00/mod/em037_00_hair_BM.tex|em/em037/00/mod/em037_00_toge_BML.tex,em037_00_hair_BM|em037_00_toge_BML,nargacuga,final/em/em037/00/mod/em037_00_hair_BM.tex|final/em/em037/00/mod/em037_00_toge_BML.tex
em/em042/00/mod/em042_00_BML.tex,em042_00_BML,barioth,final/em/em042/00/mod/em042_00_BML.tex
em/em042/00/mod/em042_00_damage_BM.tex,em042_00_damage_BM,barioth,final/em/em042/00/mod/em042_00_damage_BM.tex
em/em042/00/mod/em042_00_eye_BML.tex,em042_00_eye_BML,barioth,final/em/em042/00/mod/em042_00_eye_BML.tex
em/em042/00/mod/em042_00_fur_BM.tex|em/em042/00/mod/em042_00_furover_BML.tex,em042_00_fur_BM|em042_00_furover_BML,barioth,final/em/em042/00/mod/em042_00_fur_BM.tex|final/em/em042/00/mod/em042_00_furover_BML.tex
em/em042/05/mod/em042_05_BML.tex,em042_05_BML,frostfang barioth,final/em/em042/05/mod/em042_05_BML.tex
em/em042/05/mod/em042_05_damage_BM.tex,em042_05_damage_BM,frostfang barioth,final/em/em042/05/mod/em042_05_damage_BM.tex
em/em042/05/mod/em042_05_eye_BML.tex,em042_05_eye_BML,frostfang barioth,final/em/em042/05/mod/em042_05_eye_BML.tex
em/em042/05/mod/em042_05_fur_BM.tex|em/em042/05/mod/em042_05_furover_BML.tex|em/em042/05/mod/em042_05_hige_BM.tex,em042_05_fur_BM|em042_05_furover_BML|em042_05_hige_BM,frostfang barioth,final/em/em042/05/mod/em042_05_fur_BM.tex|final/em/em042/05/mod/em042_05_furover_BML.tex|final/em/em042/05/mod/em042_05_hige_BM.tex
em/em042/05/mod/em042_05_ice_BML.tex,em042_05_ice_BML,frostfang barioth,final/em/em042/05/mod/em042_05_ice_BML.tex
em/em043/00/mod/em043_00_BML.tex,em043_00_BML,deviljho,final/em/em043/00/mod/em043_00_BML.tex
em/em043/00/mod/em043_00_damage_BM.tex,em043_00_damage_BM,deviljho,final/em/em043/00/mod/em043_00_damage_BM.tex
em/em043/00/mod/em043_00_eye_BML.tex,em043_00_eye_BML,deviljho,final/em/em043/00/mod/em043_00_eye_BML.tex
em/em043/00/mod/em043_00_BML.tex,em043_00_BML,savage deviljho,final/em/em043/00/mod/em043_00_BML.tex
em/em043/00/mod/em043_00_damage_BM.tex,em043_00_damage_BM,savage deviljho,final/em/em043/00/mod/em043_00_damage_BM.tex
em/em043/00/mod/em043_00_eye_BML.tex,em043_00_eye_BML,savage deviljho,final/em/em043/00/mod/em043_00_eye_BML.tex
em/em045/00/mod/em045_00_BML.tex,em045_00_BML,uragaan,final/em/em045/00/mod/em045_00_BML.tex
em/em045/00/mod/em045_00_damage_BM.tex,em045_00_damage_BM,uragaan,final/em/em045/00/mod/em045_00_damage_BM.tex
em/em045/00/mod/em045_00_eye_BML.tex,em045_00_eye_BML,uragaan,final/em/em045/00/mod/em045_00_eye_BML.tex
em/em050/00/mod/em050_00_BML.tex|em/em050/00/mod/em050_00_wing_BML.tex,em050_00_BML|em050_00_wing_BML,alatreon,final/em/em050/00/mod/em050_00_BML.tex|final/em/em050/00/mod/em050_00_wing_BML.tex
em/em050/00/mod/em050_00_damage_BM.tex,em050_00_damage_BM,alatreon,final/em/em050/00/mod/em050_00_damage_BM.tex
em/em050/00/mod/em050_00_eye_BML.tex,em050_00_eye_BML,alatreon,final/em/em050/00/mod/em050_00_eye_BML.tex
em/em050/00/mod/en050_00_env_BM.tex,en050_00_env_BM,alatreon,final/em/em050/00/mod/en050_00_env_BM.tex
em/em057/00/mod/em057_00_BM.tex,em057_00_BM,zinogre,final/em/em057/00/mod/em057_00_BM.tex
em/em057/00/mod/em057_00_damage_BM.tex,em057_00_damage_BM,zinogre,final/em/em057/00/mod/em057_00_damage_BM.tex
em/em057/00/mod/em057_00_eye_BML.tex,em057_00_eye_BML,zinogre,final/em/em057/00/mod/em057_00_eye_BML.tex
em/em057/00/mod/em057_00_fur_BM.tex|em/em057/00/mod/em057_00_furbase_BML.tex,em057_00_fur_BM|em057_00_furbase_BML,zinogre,final/em/em057/00/mod/em057_00_fur_BM.tex|final/em/em057/00/mod/em057_00_furbase_BML.tex
em/em057/01/mod/em057_01_BM.tex,em057_01_BM,stygian zinogre,final/em/em057/01/mod/em057_01_BM.tex
em/em057/01/mod/em057_01_damage_BM.tex,em057_01_damage_BM,stygian zinogre,final/em/em057/01/mod/em057_01_damage_BM.tex
em/em057/01/mod/em057_01_eye_BML.tex,em057_01_eye_BML,stygian zinogre,final/em/em057/01/mod/em057_01_eye_BML.tex
em/em057/01/mod/em057_01_fur_BM.tex|em/em057/01/mod/em057_01_furbase_BML.tex,em057_01_fur_BM|em057_01_furbase_BML,stygian zinogre,final/em/em057/01/mod/em057_01_fur_BM.tex|final/em/em057/01/mod/em057_01_furbase_BML.tex
em/em063/00/mod/em063_00_BML.tex,em063_00_BML,brachydios,final/em/em063/00/mod/em063_00_BML.tex
em/em063/00/mod/em063_00_damage_BM.tex,em063_00_damage_BM,brachydios,final/em/em063/00/mod/em063_00_damage_BM.tex
em/em063/00/mod/em063_00_eye_BML.tex,em063_00_eye_BML,brachydios,final/em/em063/00/mod/em063_00_eye_BML.tex
em/em063/00/mod/em063_00_nenkin_BM.tex,em063_00_nenkin_BM,brachydios,final/em/em063/00/mod/em063_00_nenkin_BM.tex
em/em063/05/mod/em063_05_BML.tex,em063_05_BML,raging brachydios,final/em/em063/05/mod/em063_05_BML.tex
em/em063/05/mod/em063_05_damage_2_BM.tex|em/em063/05/mod/em063_05_damage_BM.tex,em063_05_damage_2_BM|em063_05_damage_BM,raging brachydios,final/em/em063/05/mod/em063_05_damage_2_BM.tex|final/em/em063/05/mod/em063_05_damage_BM.tex
em/em063/05/mod/em063_05_eye_BML.tex,em063_05_eye_BML,raging brachydios,final/em/em063/05/mod/em063_05_eye_BML.tex
em/em063/05/mod/em063_05_nenkin_BM.tex,em063_05_nenkin_BM,raging brachydios,final/em/em063/05/mod/em063_05_nenkin_BM.tex
em/em080/00/mod/em080_00_blend_BML.tex|em/em080/00/mod/em080_00_BML.tex,em080_00_blend_BML|em080_00_BML,glavenus,final/em/em080/00/mod/em080_00_blend_BML.tex|final/em/em080/00/mod/em080_00_BML.tex
em/em080/00/mod/em080_00_damage_blend_BM.tex|em/em080/00/mod/em080_00_damage_BM.tex,em080_00_damage_blend_BM|em080_00_damage_BM,glavenus,final/em/em080/00/mod/em080_00_damage_blend_BM.tex|final/em/em080/00/mod/em080_00_damage_BM.tex
em/em080/00/mod/em080_00_eye_BML.tex,em080_00_eye_BML,glavenus,final/em/em080/00/mod/em080_00_eye_BML.tex
em/em080/00/mod/em080_00_rust_BML.tex,em080_00_rust_BML,glavenus,final/em/em080/00/mod/em080_00_rust_BML.tex
em/em080/01/mod/em080_01_acid_BM.tex|em/em080/01/mod/em080_01_acidblade_blend_BML.tex|em/em080/01/mod/em080_01_acidblade_BML.tex,em080_01_acid_BM|em080_01_acidblade_blend_BML|em080_01_acidblade_BML,acidic glavenus,final/em/em080/01/mod/em080_01_acid_BM.tex|final/em/em080/01/mod/em080_01_acidblade_blend_BML.tex|final/em/em080/01/mod/em080_01_acidblade_BML.tex
em/em080/01/mod/em080_01_blend_BML.tex|em/em080/01/mod/em080_01_BML.tex,em080_01_blend_BML|em080_01_BML,acidic glavenus,final/em/em080/01/mod/em080_01_blend_BML.tex|final/em/em080/01/mod/em080_01_BML.tex
em/em080/01/mod/em080_01_damage_BM.tex,em080_01_damage_BM,acidic glavenus,final/em/em080/01/mod/em080_01_damage_BM.tex
em/em080/01/mod/em080_01_eye_BML.tex,em080_01_eye_BML,acidic glavenus,final/em/em080/01/mod/em080_01_eye_BML.tex
em/em100/00/mod/em100_00_BML.tex,em100_00_BML,anjanath,final/em/em100/00/mod/em100_00_BML.tex
em/em100/00/mod/em100_00_damage_BM.tex,em100_00_damage_BM,anjanath,final/em/em100/00/mod/em100_00_damage_BM.tex
em/em100/00/mod/em100_00_eye_BM.tex,em100_00_eye_BM,anjanath,final/em/em100/00/mod/em100_00_eye_BM.tex
em/em100/00/mod/em100_00_fur_BM.tex,em100_00_fur_BM,anjanath,final/em/em100/00/mod/em100_00_fur_BM.tex
em/em100/01/mod/em100_01_BML.tex,em100_01_BML,fulgar anjanath,final/em/em100/01/mod/em100_01_BML.tex
em/em100/01/mod/em100_01_damage_BM.tex,em100_01_damage_BM,fulgar anjanath,final/em/em100/01/mod/em100_01_damage_BM.tex
em/em100/01/mod/em100_01_eye_BM.tex,em100_01_eye_BM,fulgar anjanath,final/em/em100/01/mod/em100_01_eye_BM.tex
em/em100/01/mod/em100_01_fur_2_BM.tex|em/em100/01/mod/em100_01_fur_BM.tex,em100_01_fur_2_BM|em100_01_fur_BM,fulgar anjanath,final/em/em100/01/mod/em100_01_fur_2_BM.tex|final/em/em100/01/mod/em100_01_fur_BM.tex
em/em101/00/mod/em101_00_BML.tex|em/ems049/00/mod/ems049_00_BML.tex,em101_00_BML|ems049_00_BML,great jagras,final/em/em101/00/mod/em101_00_BML.tex|final/em/ems049/00/mod/ems049_00_BML.tex
em/em101/00/mod/em101_00_damage_BM.tex,em101_00_damage_BM,great jagras,final/em/em101/00/mod/em101_00_damage_BM.tex
em/em101/00/mod/em101_00_eye_BML.tex,em101_00_eye_BML,great jagras,final/em/em101/00/mod/em101_00_eye_BML.tex
em/em101/00/mod/em101_00_meat_BML.tex,em101_00_meat_BML,great jagras,final/em/em101/00/mod/em101_00_meat_BML.tex
em/em102/00/mod/em102_00_damage_BM.tex,em102_00_damage_BM,pukei pukei,final/em/em102/00/mod/em102_00_damage_BM.tex
em/em102/00/mod/em102_00_eye_BML.tex|em/em102/00/mod/em102_00_BML.tex,em102_00_eye_BML|em102_00_BML,pukei pukei,final/em/em102/00/mod/em102_00_eye_BML.tex|final/em/em102/00/mod/em102_00_BML.tex
em/em102/00/mod/em102_00_faceblend_BML.tex,em102_00_faceblend_BML,pukei pukei,final/em/em102/00/mod/em102_00_faceblend_BML.tex
em/em102/00/mod/em102_00_feather_BM.tex|em/em102/00/mod/em102_00_featherblend_BML.tex|em/em102/00/mod/em102_00_featherover_BML.tex,em102_00_feather_BM|em102_00_featherblend_BML|em102_00_featherover_BML,pukei pukei,final/em/em102/00/mod/em102_00_feather_BM.tex|final/em/em102/00/mod/em102_00_featherblend_BML.tex|final/em/em102/00/mod/em102_00_featherover_BML.tex
em/em102/01/mod/em102_01_damage_BM.tex,em102_01_damage_BM,coral pukei pukei,final/em/em102/01/mod/em102_01_damage_BM.tex
em/em102/01/mod/em102_01_eye_BML.tex|em/em102/01/mod/em102_01_BML.tex,em102_01_eye_BML|em102_01_BML,coral pukei pukei,final/em/em102/01/mod/em102_01_eye_BML.tex|final/em/em102/01/mod/em102_01_BML.tex
em/em102/01/mod/em102_01_faceblend_BML.tex,em102_01_faceblend_BML,coral pukei pukei,final/em/em102/01/mod/em102_01_faceblend_BML.tex
em/em102/01/mod/em102_01_feather_BM.tex|em/em102/01/mod/em102_01_featherblend_BML.tex|em/em102/01/mod/em102_01_featherover_BML.tex,em102_01_feather_BM|em102_01_featherblend_BML|em102_01_featherover_BML,coral pukei pukei,final/em/em102/01/mod/em102_01_feather_BM.tex|final/em/em102/01/mod/em102_01_featherblend_BML.tex|final/em/em102/01/mod/em102_01_featherover_BML.tex
em/em103/00/mod/em103_00_BML.tex,em103_00_BML,nergigante,final/em/em103/00/mod/em103_00_BML.tex
em/em103/00/mod/em103_00_damage_BM.tex,em103_00_damage_BM,nergigante,final/em/em103/00/mod/em103_00_damage_BM.tex
em/em103/00/mod/em103_00_eye_BML.tex,em103_00_eye_BML,nergigante,final/em/em103/00/mod/em103_00_eye_BML.tex
em/em103/00/mod/em103_00_thorn_black_BM.tex|em/em103/00/mod/em103_00_thorn_white_BM.tex,em103_00_thorn_black_BM|em103_00_thorn_white_BM,nergigante,final/em/em103/00/mod/em103_00_thorn_black_BM.tex|final/em/em103/00/mod/em103_00_thorn_white_BM.tex
em/em103/05/mod/em103_05_BML.tex,em103_05_BML,ruiner nergigante,final/em/em103/05/mod/em103_05_BML.tex
em/em103/05/mod/em103_05_damage_BM.tex,em103_05_damage_BM,ruiner nergigante,final/em/em103/05/mod/em103_05_damage_BM.tex
em/em103/05/mod/em103_05_eye_BML.tex,em103_05_eye_BML,ruiner nergigante,final/em/em103/05/mod/em103_05_eye_BML.tex
em/em103/05/mod/em103_05_kyouka_BM.tex,em103_05_kyouka_BM,ruiner nergigante,final/em/em103/05/mod/em103_05_kyouka_BM.tex
em/em103/05/mod/em103_05_thorn_black_BM.tex|em/em103/05/mod/em103_05_thorn_white_BM.tex,em103_05_thorn_black_BM|em103_05_thorn_white_BM,ruiner nergigante,final/em/em103/05/mod/em103_05_thorn_black_BM.tex|final/em/em103/05/mod/em103_05_thorn_white_BM.tex
em/em104/00/mod/em104_00_BML.tex|em/em104/00/mod/em104_00_wing_BML.tex,em104_00_BML|em104_00_wing_BML,safijiiva,final/em/em104/00/mod/em104_00_BML.tex|final/em/em104/00/mod/em104_00_wing_BML.tex
em/em104/00/mod/em104_00_damage_BM.tex,em104_00_damage_BM,safijiiva,final/em/em104/00/mod/em104_00_damage_BM.tex
em/em104/00/mod/em104_00_eye_BML.tex,em104_00_eye_BML,safijiiva,final/em/em104/00/mod/em104_00_eye_BML.tex
em/em105/00/mod/em105_00_00_BML.tex|em/em105/00/mod/em105_00_01_BML.tex,em105_00_00_BML|em105_00_01_BML,xenojiiva,final/em/em105/00/mod/em105_00_00_BML.tex|final/em/em105/00/mod/em105_00_01_BML.tex
em/em105/00/mod/em105_00_damage_BM.tex,em105_00_damage_BM,xenojiiva,final/em/em105/00/mod/em105_00_damage_BM.tex
em/em105/00/mod/em105_00_hone_BM.tex,em105_00_hone_BM,xenojiiva,final/em/em105/00/mod/em105_00_hone_BM.tex
em/em106/00/mod/em106_00_BM.tex|em/em106/00/mod/em106_00_front_leg_BM.tex|em/em106/00/mod/em106_00_head_BM.tex|em/em106/00/mod/em106_00_hind_leg_BM.tex,em106_00_BM|em106_00_front_leg_BM|em106_00_head_BM|em106_00_hind_leg_BM,zorah,final/em/em106/00/mod/em106_00_BM.tex|final/em/em106/00/mod/em106_00_front_leg_BM.tex|final/em/em106/00/mod/em106_00_head_BM.tex|final/em/em106/00/mod/em106_00_hind_leg_BM.tex
em/em106/00/mod/em106_00_coreground_BM.tex,em106_00_coreground_BM,zorah,final/em/em106/00/mod/em106_00_coreground_BM.tex
em/em106/00/mod/em106_00_damage_BM.tex,em106_00_damage_BM,zorah,final/em/em106/00/mod/em106_00_damage_BM.tex
em/em106/00/mod/em106_00_eye_BML.tex,em106_00_eye_BML,zorah,final/em/em106/00/mod/em106_00_eye_BML.tex
em/em106/00/mod/em106_00_metal_BM.tex,em106_00_metal_BM,zorah,final/em/em106/00/mod/em106_00_metal_BM.tex
em/em106/00/mod/gnd06_lava3_02_BML.tex,gnd06_lava3_02_BML,zorah,final/em/em106/00/mod/gnd06_lava3_02_BML.tex
em/em106/00/mod/box120_043_00_BML.tex|em/em106/00/mod/gnd05_rock_04a_BML.tex|em/em106/00/mod/stm520_000_00_BML.tex|em/em106/00/mod/stm520_024_00_BML.tex|em/em106/00/mod/stm520_050_00a_BML.tex|em/em106/00/mod/stm650_001_00_00_BML.tex|em/em106/00/mod/stm650_001_00_01_BML.tex|em/em106/00/mod/stm650_002_00_00_BML.tex|em/em106/00/mod/stm650_002_00_01_BML.tex|em/em106/00/mod/stm650_002_00_02_BML.tex|em/em106/00/mod/stm650_003_00_00_BML.tex|em/em106/00/mod/stm650_003_00_01_BML.tex|em/em106/00/mod/stm650_004_00_00_BML.tex|em/em106/00/mod/stm650_004_00_01_BML.tex|em/em106/00/mod/stm650_005_00_00_BML.tex|em/em106/00/mod/stm650_005_00_01_BML.tex|em/em106/00/mod/stm650_006_00_00_BML.tex|em/em106/00/mod/stm650_006_00_01_BML.tex|em/em106/00/mod/stm650_007_00a_BML.tex|em/em106/00/mod/yougan00_BM.tex|em/ems060/00/mod/ems060_00_BM.tex|em/ems060/01/mod/ems060_01_head_core_BML.tex|em/ems060/01/mod/ems060_01_tail_core_BM.tex,box120_043_00_BML|gnd05_rock_04a_BML|stm520_000_00_BML|stm520_024_00_BML|stm520_050_00a_BML|stm650_001_00_00_BML|stm650_001_00_01_BML|stm650_002_00_00_BML|stm650_002_00_01_BML|stm650_002_00_02_BML|stm650_003_00_00_BML|stm650_003_00_01_BML|stm650_004_00_00_BML|stm650_004_00_01_BML|stm650_005_00_00_BML|stm650_005_00_01_BML|stm650_006_00_00_BML|stm650_006_00_01_BML|stm650_007_00a_BML|yougan00_BM|ems060_00_BM|ems060_01_head_core_BML|ems060_01_tail_core_BM,zorah,final/em/em106/00/mod/box120_043_00_BML.tex|final/em/em106/00/mod/gnd05_rock_04a_BML.tex|final/em/em106/00/mod/stm520_000_00_BML.tex|final/em/em106/00/mod/stm520_024_00_BML.tex|final/em/em106/00/mod/stm520_050_00a_BML.tex|final/em/em106/00/mod/stm650_001_00_00_BML.tex|final/em/em106/00/mod/stm650_001_00_01_BML.tex|final/em/em106/00/mod/stm650_002_00_00_BML.tex|final/em/em106/00/mod/stm650_002_00_01_BML.tex|final/em/em106/00/mod/stm650_002_00_02_BML.tex|final/em/em106/00/mod/stm650_003_00_00_BML.tex|final/em/em106/00/mod/stm650_003_00_01_BML.tex|final/em/em106/00/mod/stm650_004_00_00_BML.tex|final/em/em106/00/mod/stm650_004_00_01_BML.tex|final/em/em106/00/mod/stm650_005_00_00_BML.tex|final/em/em106/00/mod/stm650_005_00_01_BML.tex|final/em/em106/00/mod/stm650_006_00_00_BML.tex|final/em/em106/00/mod/stm650_006_00_01_BML.tex|final/em/em106/00/mod/stm650_007_00a_BML.tex|final/em/em106/00/mod/yougan00_BM.tex|final/em/ems060/00/mod/ems060_00_BM.tex|final/em/ems060/01/mod/ems060_01_head_core_BML.tex|final/em/ems060/01/mod/ems060_01_tail_core_BM.tex
em/em107/00/mod/em107_00_BM.tex,em107_00_BM,kulu,final/em/em107/00/mod/em107_00_BM.tex
em/em107/00/mod/em107_00_damage_BM.tex,em107_00_damage_BM,kulu,final/em/em107/00/mod/em107_00_damage_BM.tex
em/em107/00/mod/em107_00_eye_bML.tex,em107_00_eye_bML,kulu,final/em/em107/00/mod/em107_00_eye_bML.tex
em/em107/00/mod/em107_bombrock_BML.tex,em107_bombrock_BML,kulu,final/em/em107/00/mod/em107_bombrock_BML.tex
em/em107/00/mod/em107_hardrock_BML.tex,em107_hardrock_BML,kulu,final/em/em107/00/mod/em107_hardrock_BML.tex
em/em107/00/mod/em107_rock_BML.tex,em107_rock_BML,kulu,final/em/em107/00/mod/em107_rock_BML.tex
em/em108/00/mod/em108_00_BM.tex,em108_00_BM,jyuratodus,final/em/em108/00/mod/em108_00_BM.tex
em/em108/00/mod/em108_00_damage_BM.tex,em108_00_damage_BM,jyuratodus,final/em/em108/00/mod/em108_00_damage_BM.tex
em/em108/00/mod/em108_00_mud_BM.tex,em108_00_mud_BM,jyuratodus,final/em/em108/00/mod/em108_00_mud_BM.tex
em/em109/00/mod/em109_00_1_BML.tex,em109_00_1_BML,tobi,final/em/em109/00/mod/em109_00_1_BML.tex
em/em109/00/mod/em109_00_BML.tex,em109_00_BML,tobi,final/em/em109/00/mod/em109_00_BML.tex
em/em109/00/mod/em109_00_damage_BM.tex,em109_00_damage_BM,tobi,final/em/em109/00/mod/em109_00_damage_BM.tex
em/em109/00/mod/em109_00_eye_BML.tex,em109_00_eye_BML,tobi,final/em/em109/00/mod/em109_00_eye_BML.tex
em/em109/01/mod/em109_01_1_BML.tex,em109_01_1_BML,viper tobi,final/em/em109/01/mod/em109_01_1_BML.tex
em/em109/01/mod/em109_01_BML.tex,em109_01_BML,viper tobi,final/em/em109/01/mod/em109_01_BML.tex
em/em109/01/mod/em109_01_damage_BM.tex,em109_01_damage_BM,viper tobi,final/em/em109/01/mod/em109_01_damage_BM.tex
em/em109/01/mod/em109_01_eye_BML.tex,em109_01_eye_BML,viper tobi,final/em/em109/01/mod/em109_01_eye_BML.tex
em/em109/01/mod/em109_01_thorn_BM.tex,em109_01_thorn_BM,viper tobi,final/em/em109/01/mod/em109_01_thorn_BM.tex
em/em110/00/mod/em110_00_BM.tex,em110_00_BM,paolumu,final/em/em110/00/mod/em110_00_BM.tex
em/em110/00/mod/em110_00_damage_BM.tex,em110_00_damage_BM,paolumu,final/em/em110/00/mod/em110_00_damage_BM.tex
em/em110/00/mod/em110_00_eye_BML.tex,em110_00_eye_BML,paolumu,final/em/em110/00/mod/em110_00_eye_BML.tex
em/em110/00/mod/em110_00_sphere_BM.tex,em110_00_sphere_BM,paolumu,final/em/em110/00/mod/em110_00_sphere_BM.tex
em/em110/01/mod/em110_01_BM.tex,em110_01_BM,nightshade paolumu,final/em/em110/01/mod/em110_01_BM.tex
em/em110/01/mod/em110_01_damage_BM.tex,em110_01_damage_BM,nightshade paolumu,final/em/em110/01/mod/em110_01_damage_BM.tex
em/em110/01/mod/em110_01_eye_BML.tex,em110_01_eye_BML,nightshade paolumu,final/em/em110/01/mod/em110_01_eye_BML.tex
em/em110/01/mod/em110_01_sphere_BM.tex,em110_01_sphere_BM,nightshade paolumu,final/em/em110/01/mod/em110_01_sphere_BM.tex
em/em111/00/mod/em111_00_BML.tex,em111_00_BML,legiana,final/em/em111/00/mod/em111_00_BML.tex
em/em111/00/mod/em111_00_damage_BM.tex,em111_00_damage_BM,legiana,final/em/em111/00/mod/em111_00_damage_BM.tex
em/em111/00/mod/em111_00_eye_BM.tex,em111_00_eye_BM,legiana,final/em/em111/00/mod/em111_00_eye_BM.tex
em/em111/00/mod/em111_00_ice_B_BM.tex,em111_00_ice_B_BM,legiana,final/em/em111/00/mod/em111_00_ice_B_BM.tex
em/em111/00/mod/em111_00_ice_BM.tex,em111_00_ice_BM,legiana,final/em/em111/00/mod/em111_00_ice_BM.tex
em/em111/05/mod/em111_05_BML.tex,em111_05_BML,shrieking legiana,final/em/em111/05/mod/em111_05_BML.tex
em/em111/05/mod/em111_05_damage_BM.tex,em111_05_damage_BM,shrieking legiana,final/em/em111/05/mod/em111_05_damage_BM.tex
em/em111/05/mod/em111_05_eye_BM.tex,em111_05_eye_BM,shrieking legiana,final/em/em111/05/mod/em111_05_eye_BM.tex
em/em111/05/mod/em111_05_ice_B_BM.tex,em111_05_ice_B_BM,shrieking legiana,final/em/em111/05/mod/em111_05_ice_B_BM.tex
em/em111/05/mod/em111_05_ice_BM.tex,em111_05_ice_BM,shrieking legiana,final/em/em111/05/mod/em111_05_ice_BM.tex
em/em111/05/mod/em111_05_ice_C_BM.tex,em111_05_ice_C_BM,shrieking legiana,final/em/em111/05/mod/em111_05_ice_C_BM.tex
em/em112/00/mod/em112_00_BM.tex|em/ems056/00/mod/ems056_00_BM.tex,em112_00_BM|ems056_00_BM,great girros,final/em/em112/00/mod/em112_00_BM.tex|final/em/ems056/00/mod/ems056_00_BM.tex
em/em112/00/mod/em112_00_damage_BM.tex,em112_00_damage_BM,great girros,final/em/em112/00/mod/em112_00_damage_BM.tex
em/em112/00/mod/em112_00_eye_BML.tex,em112_00_eye_BML,great girros,final/em/em112/00/mod/em112_00_eye_BML.tex
em/em113/00/mod/em113_00_BML.tex,em113_00_BML,odogaron,final/em/em113/00/mod/em113_00_BML.tex
em/em113/00/mod/em113_00_damage_BM.tex,em113_00_damage_BM,odogaron,final/em/em113/00/mod/em113_00_damage_BM.tex
em/em113/01/mod/em113_01_BML.tex,em113_01_BML,ebony odogaron,final/em/em113/01/mod/em113_01_BML.tex
em/em113/01/mod/em113_01_damage_BM.tex,em113_01_damage_BM,ebony odogaron,final/em/em113/01/mod/em113_01_damage_BM.tex
em/em114/00/mod/em114_00_BML.tex,em114_00_BML,radobaan,final/em/em114/00/mod/em114_00_BML.tex
em/em114/00/mod/em114_00_bone_BML.tex,em114_00_bone_BML,radobaan,final/em/em114/00/mod/em114_00_bone_BML.tex
em/em114/00/mod/em114_00_damage_BM.tex,em114_00_damage_BM,radobaan,final/em/em114/00/mod/em114_00_damage_BM.tex
em/em114/00/mod/em114_00_eye_BML.tex,em114_00_eye_BML,radobaan,final/em/em114/00/mod/em114_00_eye_BML.tex
em/em115/00/mod/em115_00_BML.tex,em115_00_BML,vaal,final/em/em115/00/mod/em115_00_BML.tex
em/em115/00/mod/em115_00_damage_BM.tex,em115_00_damage_BM,vaal,final/em/em115/00/mod/em115_00_damage_BM.tex
em/em115/00/mod/em115_00_eye_BM.tex,em115_00_eye_BM,vaal,final/em/em115/00/mod/em115_00_eye_BM.tex
em/em115/05/mod/em115_05_BML.tex,em115_05_BML,blackveil vaal,final/em/em115/05/mod/em115_05_BML.tex
em/em115/05/mod/em115_05_damage_BM.tex,em115_05_damage_BM,blackveil vaal,final/em/em115/05/mod/em115_05_damage_BM.tex
em/em115/05/mod/em115_05_eye_BM.tex,em115_05_eye_BM,blackveil vaal,final/em/em115/05/mod/em115_05_eye_BM.tex
em/em115/05/mod/em115_05_mold_BML.tex,em115_05_mold_BML,blackveil vaal,final/em/em115/05/mod/em115_05_mold_BML.tex
em/em116/00/mod/em116_00_BM.tex,em116_00_BM,dodogama,final/em/em116/00/mod/em116_00_BM.tex
em/em116/00/mod/em116_00_damage_BM.tex,em116_00_damage_BM,dodogama,final/em/em116/00/mod/em116_00_damage_BM.tex
em/em116/00/mod/em116_00_eye_BM.tex,em116_00_eye_BM,dodogama,final/em/em116/00/mod/em116_00_eye_BM.tex
em/em116/00/mod/em116_00_rock_BM.tex,em116_00_rock_BM,dodogama,final/em/em116/00/mod/em116_00_rock_BM.tex
em/em117/00/mod/em117_00_BML.tex,em117_00_BML,kulve,final/em/em117/00/mod/em117_00_BML.tex
em/em117/00/mod/em117_00_gold_BML.tex,em117_00_gold_BML,kulve,final/em/em117/00/mod/em117_00_gold_BML.tex
em/em117/00/mod/em117_00_melthorn_BML.tex,em117_00_melthorn_BML,kulve,final/em/em117/00/mod/em117_00_melthorn_BML.tex
em/em117/00/mod/em117_00_damage_BM.tex,em117_00_damage_BM,kulve,final/em/em117/00/mod/em117_00_damage_BM.tex
em/em117/00/mod/em117_00_env_BML.tex,em117_00_env_BML,kulve,final/em/em117/00/mod/em117_00_env_BML.tex
em/em117/00/mod/em117_00_eye_BML.tex,em117_00_eye_BML,kulve,final/em/em117/00/mod/em117_00_eye_BML.tex
em/em117/00/mod/em117_00_gold_damage_BM.tex,em117_00_gold_damage_BM,kulve,final/em/em117/00/mod/em117_00_gold_damage_BM.tex
em/em117/00/mod/em117_00_noise_BML.tex,em117_00_noise_BML,kulve,final/em/em117/00/mod/em117_00_noise_BML.tex
em/em118/00/mod/em118_00_BML.tex,em118_00_BML,bazel,final/em/em118/00/mod/em118_00_BML.tex
em/em118/00/mod/em118_00_bomb_BM.tex,em118_00_bomb_BM,bazel,final/em/em118/00/mod/em118_00_bomb_BM.tex
em/em118/00/mod/em118_00_damage_BM.tex,em118_00_damage_BM,bazel,final/em/em118/00/mod/em118_00_damage_BM.tex
em/em118/00/mod/em118_00_eye_BML.tex,em118_00_eye_BML,bazel,final/em/em118/00/mod/em118_00_eye_BML.tex
em/em118/05/mod/em118_05_BML.tex,em118_05_BML,seething bazel,final/em/em118/05/mod/em118_05_BML.tex
em/em118/05/mod/em118_05_bomb_BM.tex,em118_05_bomb_BM,seething bazel,final/em/em118/05/mod/em118_05_bomb_BM.tex
em/em118/05/mod/em118_05_damage_BM.tex,em118_05_damage_BM,seething bazel,final/em/em118/05/mod/em118_05_damage_BM.tex
em/em118/05/mod/em118_05_eye_BML.tex,em118_05_eye_BML,seething bazel,final/em/em118/05/mod/em118_05_eye_BML.tex
em/em120/00/mod/em120_00_BM.tex,em120_00_BM,tzi tzi,final/em/em120/00/mod/em120_00_BM.tex
em/em120/00/mod/em120_00_damage_BM.tex,em120_00_damage_BM,tzi tzi,final/em/em120/00/mod/em120_00_damage_BM.tex
em/em120/00/mod/em120_00_eye_BM.tex,em120_00_eye_BM,tzi tzi,final/em/em120/00/mod/em120_00_eye_BM.tex
em/em121/00/mod/em121_00_BM.tex,em121_00_BM,behemoth,final/em/em121/00/mod/em121_00_BM.tex
em/em121/00/mod/em121_00_comet_BML.tex,em121_00_comet_BML,behemoth,final/em/em121/00/mod/em121_00_comet_BML.tex
em/em121/00/mod/em121_00_damage_BM.tex,em121_00_damage_BM,behemoth,final/em/em121/00/mod/em121_00_damage_BM.tex
em/em121/00/mod/em121_00_eye_BML.tex,em121_00_eye_BML,behemoth,final/em/em121/00/mod/em121_00_eye_BML.tex
em/em121/00/mod/em121_00_fur_BM.tex,em121_00_fur_BM,behemoth,final/em/em121/00/mod/em121_00_fur_BM.tex
em/em122/00/mod/em122_00_BML.tex,em122_00_BML,beotodus,final/em/em122/00/mod/em122_00_BML.tex
em/em122/00/mod/em122_00_damage_BM.tex,em122_00_damage_BM,beotodus,final/em/em122/00/mod/em122_00_damage_BM.tex
em/em122/00/mod/em122_00_eye_BML.tex,em122_00_eye_BML,beotodus,final/em/em122/00/mod/em122_00_eye_BML.tex
em/em122/00/mod/em122_00_snow_BML.tex,em122_00_snow_BML,beotodus,final/em/em122/00/mod/em122_00_snow_BML.tex
em/em123/00/mod/em123_00_BM.tex,em123_00_BM,banbaro,final/em/em123/00/mod/em123_00_BM.tex
em/em123/00/mod/em123_00_damage_BM.tex,em123_00_damage_BM,banbaro,final/em/em123/00/mod/em123_00_damage_BM.tex
em/em123/00/mod/em123_00_eye_BML.tex,em123_00_eye_BML,banbaro,final/em/em123/00/mod/em123_00_eye_BML.tex
em/em123/00/mod/em123_00_fur_BM.tex,em123_00_fur_BM,banbaro,final/em/em123/00/mod/em123_00_fur_BM.tex
em/em124/00/mod/em124_00_BML.tex,em124_00_BML,velkhana,final/em/em124/00/mod/em124_00_BML.tex
em/em124/00/mod/em124_00_crystal_BML.tex,em124_00_crystal_BML,velkhana,final/em/em124/00/mod/em124_00_crystal_BML.tex
em/em124/00/mod/em124_00_damage_BM.tex,em124_00_damage_BM,velkhana,final/em/em124/00/mod/em124_00_damage_BM.tex
em/em124/00/mod/em124_00_eye_BML.tex,em124_00_eye_BML,velkhana,final/em/em124/00/mod/em124_00_eye_BML.tex
em/em124/00/mod/em124_00_ice_BM.tex,em124_00_ice_BM,velkhana,final/em/em124/00/mod/em124_00_ice_BM.tex
em/em124/00/mod/em124_00_iceblend_BM.tex,em124_00_iceblend_BM,velkhana,final/em/em124/00/mod/em124_00_iceblend_BM.tex
em/em125/00/mod/em125_00_BM.tex,em125_00_BM,namielle,final/em/em125/00/mod/em125_00_BM.tex
em/em125/00/mod/em125_00_damage_BM.tex,em125_00_damage_BM,namielle,final/em/em125/00/mod/em125_00_damage_BM.tex
em/em125/00/mod/em125_00_eye_BML.tex,em125_00_eye_BML,namielle,final/em/em125/00/mod/em125_00_eye_BML.tex
em/em126/00/mod/em126_00_00_BML.tex,em126_00_00_BML,shara,final/em/em126/00/mod/em126_00_00_BML.tex
em/em126/00/mod/em126_00_00_dg_BML.tex,em126_00_00_dg_BML,shara,final/em/em126/00/mod/em126_00_00_dg_BML.tex
em/em126/00/mod/em126_00_01_BML.tex,em126_00_01_BML,shara,final/em/em126/00/mod/em126_00_01_BML.tex
em/em126/00/mod/em126_00_01_dg_BML.tex,em126_00_01_dg_BML,shara,final/em/em126/00/mod/em126_00_01_dg_BML.tex
em/em126/00/mod/em126_00_01_eye_BML.tex,em126_00_01_eye_BML,shara,final/em/em126/00/mod/em126_00_01_eye_BML.tex
em/em126/00/mod/em126_00_eye_BML.tex,em126_00_eye_BML,shara,final/em/em126/00/mod/em126_00_eye_BML.tex
em/em127/00/mod/em127_00_BM.tex,em127_00_BM,leshen,final/em/em127/00/mod/em127_00_BM.tex
em/em127/00/mod/em127_00_damage_BM.tex,em127_00_damage_BM,leshen,final/em/em127/00/mod/em127_00_damage_BM.tex
em/em127/01/mod/em127_01_BM.tex,em127_01_BM,ancient leshen,final/em/em127/01/mod/em127_01_BM.tex
em/em127/01/mod/em127_01_damage_BM.tex,em127_01_damage_BM,ancient leshen,final/em/em127/01/mod/em127_01_damage_BM.tex
em/ems001/00/mod/ems001_00_01_BML.tex,ems001_00_01_BML,aptonoth,final/em/ems001/00/mod/ems001_00_01_BML.tex
em/ems002/00/mod/ems002_00_BML.tex,ems002_00_BML,apceros,final/em/ems002/00/mod/ems002_00_BML.tex
em/ems003/00/mod/ems003_00_BM.tex|em/ems003/05/mod/ems003_05_BM.tex,ems003_00_BM|ems003_05_BM,kelbi,final/em/ems003/00/mod/ems003_00_BM.tex|final/em/ems003/05/mod/ems003_05_BM.tex
em/ems004/00/mod/ems004_00_BM.tex,ems004_00_BM,mosswine,final/em/ems004/00/mod/ems004_00_BM.tex
em/ems004/00/mod/ems004_00_glitter_BM.tex,ems004_00_glitter_BM,mosswine,final/em/ems004/00/mod/ems004_00_glitter_BM.tex
em/ems005/01/mod/ems005_01_BM.tex,ems005_01_BM,hornetaur,final/em/ems005/01/mod/ems005_01_BM.tex
em/ems006/00/mod/ems006_00_BM.tex,ems006_00_BM,vespoid,final/em/ems006/00/mod/ems006_00_BM.tex
em/ems014/00/mod/ems014_00_BML.tex,ems014_00_BML,popo,final/em/ems014/00/mod/ems014_00_BML.tex
em/ems016/00/mod/ems016_00_BML.tex,ems016_00_BML,anteka,final/em/ems016/00/mod/ems016_00_BML.tex
em/ems029/00/mod/ems029_00_BM.tex,ems029_00_BM,gajau,final/em/ems029/00/mod/ems029_00_BM.tex
em/ems050/00/mod/ems050_00_BM.tex,ems050_00_BM,mernos,final/em/ems050/00/mod/ems050_00_BM.tex
em/ems051/00/mod/ems051_00_BM.tex|em/ems051/05/mod/ems051_05_BM.tex,ems051_00_BM|ems051_05_BM,kestodon,final/em/ems051/00/mod/ems051_00_BM.tex|final/em/ems051/05/mod/ems051_05_BM.tex
em/ems053/00/mod/ems053_00_BM.tex,ems053_00_BM,raphinos,final/em/ems053/00/mod/ems053_00_BM.tex
em/ems054/00/mod/ems054_00_BML.tex,ems054_00_BML,shamos,final/em/ems054/00/mod/ems054_00_BML.tex
em/ems054/00/mod/ems054_00_eye_BML.tex,ems054_00_eye_BML,shamos,final/em/ems054/00/mod/ems054_00_eye_BML.tex
em/ems055/00/mod/ems055_00_BML.tex,ems055_00_BML,barnos,final/em/ems055/00/mod/ems055_00_BML.tex
em/ems058/00/mod/ems058_00_BM.tex,ems058_00_BM,gastodon,final/em/ems058/00/mod/ems058_00_BM.tex
em/ems059/00/mod/ems059_00_BM.tex,ems059_00_BM,noios,final/em/ems059/00/mod/ems059_00_BM.tex
em/ems061/00/mod/ems061_00_accgold_BML.tex|em/ems061/00/mod/ems061_00_bodygold_BML.tex|em/ems061/00/mod/ems061_00_helmgold_BML.tex|em/ems061/00/mod/ems061_00_wegold_BML.tex,ems061_00_accgold_BML|ems061_00_bodygold_BML|ems061_00_helmgold_BML|ems061_00_wegold_BML,gajalaka golden tribe or boaboa,final/em/ems061/00/mod/ems061_00_accgold_BML.tex|final/em/ems061/00/mod/ems061_00_bodygold_BML.tex|final/em/ems061/00/mod/ems061_00_helmgold_BML.tex|final/em/ems061/00/mod/ems061_00_wegold_BML.tex
em/ems061/00/mod/ems061_00_accplatinum_BML.tex|em/ems061/00/mod/ems061_00_bodyplatinum_BML.tex|em/ems061/00/mod/ems061_00_helmplatinum_BML.tex|em/ems061/00/mod/ems061_00_weplatinum_BML.tex,ems061_00_accplatinum_BML|ems061_00_bodyplatinum_BML|ems061_00_helmplatinum_BML|ems061_00_weplatinum_BML,gajalaka golden tribe or boaboa,final/em/ems061/00/mod/ems061_00_accplatinum_BML.tex|final/em/ems061/00/mod/ems061_00_bodyplatinum_BML.tex|final/em/ems061/00/mod/ems061_00_helmplatinum_BML.tex|final/em/ems061/00/mod/ems061_00_weplatinum_BML.tex
em/ems061/00/mod/ems061_00_z_BML.tex|em/ems061/00/mod/ems061_00_z_acc_BML.tex|em/ems061/00/mod/ems061_00_z_body_BML.tex|em/ems061/00/mod/ems061_00_z_helm_BM.tex|em/ems061/00/mod/ems061_00_z_we_BML.tex,ems061_00_z_BML|ems061_00_z_acc_BML|ems061_00_z_body_BML|ems061_00_z_helm_BM|ems061_00_z_we_BML,gajalaka golden tribe or boaboa,final/em/ems061/00/mod/ems061_00_z_BML.tex|final/em/ems061/00/mod/ems061_00_z_acc_BML.tex|final/em/ems061/00/mod/ems061_00_z_body_BML.tex|final/em/ems061/00/mod/ems061_00_z_helm_BM.tex|final/em/ems061/00/mod/ems061_00_z_we_BML.tex
em/ems061/01/mod/ems061_01_7_BML.tex|em/ems061/01/mod/ems061_01_body_BML.tex|em/ems061/01/mod/ems061_01_head_BML.tex|em/ems061/01/mod/ems061_01_weapon_BML.tex,ems061_01_7_BML|ems061_01_body_BML|ems061_01_head_BML|ems061_01_weapon_BML,gajalaka golden tribe or boaboa,final/em/ems061/01/mod/ems061_01_7_BML.tex|final/em/ems061/01/mod/ems061_01_body_BML.tex|final/em/ems061/01/mod/ems061_01_head_BML.tex|final/em/ems061/01/mod/ems061_01_weapon_BML.tex
em/ems063/00/mod/ems063_00_BML.tex,ems063_00_BML,wulg,final/em/ems063/00/mod/ems063_00_BML.tex
